filename,variables,ranges,expression_infix,expression_prefix,token_types,expression_prefix_masked,constant_dict
I.6.2a,"['theta']","[(1.0,3.0)]",exp ( SUB theta POW 2 DIV 2 ) DIV sqrt ( 2 MUL pi ),DIV exp DIV POW NEG theta 2 2 sqrt MUL 2 pi,OP_DIV FUNC OP_DIV OP_POW OP_NEG VAR NUM NUM FUNC OP_MUL NUM CONST,DIV exp DIV POW NEG theta <C_0> <C_0> sqrt MUL <C_0> pi,"{'<C_0>': 2.0}"
I.6.2,"['sigma','theta']","[(1.0,3.0),(1.0,3.0)]",exp ( SUB ( theta DIV sigma ) POW 2 DIV 2 ) DIV ( sqrt ( 2 MUL pi ) MUL sigma ),DIV exp DIV POW NEG DIV theta sigma 2 2 MUL sqrt MUL 2 pi sigma,OP_DIV FUNC OP_DIV OP_POW OP_NEG OP_DIV VAR VAR NUM NUM OP_MUL FUNC OP_MUL NUM CONST VAR,DIV exp DIV POW NEG DIV theta sigma <C_0> <C_0> MUL sqrt MUL <C_0> pi sigma,"{'<C_0>': 2.0}"
I.6.2b,"['sigma','theta','theta1']","[(1.0,3.0),(1.0,3.0),(1.0,3.0)]",exp ( SUB ( ( theta SUB theta1 ) DIV sigma ) POW 2 DIV 2 ) DIV ( sqrt ( 2 MUL pi ) MUL sigma ),DIV exp DIV POW NEG DIV SUB theta theta1 sigma 2 2 MUL sqrt MUL 2 pi sigma,OP_DIV FUNC OP_DIV OP_POW OP_NEG OP_DIV OP_SUB VAR VAR VAR NUM NUM OP_MUL FUNC OP_MUL NUM CONST VAR,DIV exp DIV POW NEG DIV SUB theta theta1 sigma <C_0> <C_0> MUL sqrt MUL <C_0> pi sigma,"{'<C_0>': 2.0}"
I.8.14,"['x1','x2','y1','y2']","[(1.0,5.0),(1.0,5.0),(1.0,5.0),(1.0,5.0)]",sqrt ( ( x2 SUB x1 ) POW 2 ADD ( y2 SUB y1 ) POW 2 ),sqrt ADD POW SUB x2 x1 2 POW SUB y2 y1 2,FUNC OP_ADD OP_POW OP_SUB VAR VAR NUM OP_POW OP_SUB VAR VAR NUM,sqrt ADD POW SUB x2 x1 <C_0> POW SUB y2 y1 <C_0>,"{'<C_0>': 2.0}"
I.9.18,"['m1','m2','G','x1','x2','y1','y2','z1','z2']","[(1.0,2.0),(1.0,2.0),(1.0,2.0),(3.0,4.0),(1.0,2.0),(3.0,4.0),(1.0,2.0),(3.0,4.0),(1.0,2.0)]",G MUL m1 MUL m2 DIV ( ( x2 SUB x1 ) POW 2 ADD ( y2 SUB y1 ) POW 2 ADD ( z2 SUB z1 ) POW 2 ),DIV MUL MUL G m1 m2 ADD ADD POW SUB x2 x1 2 POW SUB y2 y1 2 POW SUB z2 z1 2,OP_DIV OP_MUL OP_MUL VAR VAR VAR OP_ADD OP_ADD OP_POW OP_SUB VAR VAR NUM OP_POW OP_SUB VAR VAR NUM OP_POW OP_SUB VAR VAR NUM,DIV MUL MUL G m1 m2 ADD ADD POW SUB x2 x1 <C_0> POW SUB y2 y1 <C_0> POW SUB z2 z1 <C_0>,"{'<C_0>': 2.0}"
I.10.7,"['m_0','v','c']","[(1.0,5.0),(1.0,2.0),(3.0,10.0)]",m_0 DIV sqrt ( 1 SUB v POW 2 DIV c POW 2 ),DIV m_0 sqrt SUB 1 DIV POW v 2 POW c 2,OP_DIV VAR FUNC OP_SUB NUM OP_DIV OP_POW VAR NUM OP_POW VAR NUM,DIV m_0 sqrt SUB <C_0> DIV POW v <C_1> POW c <C_1>,"{'<C_0>': 1.0,'<C_1>': 2.0}"
I.11.19,"['x1','x2','x3','y1','y2','y3']","[(1.0,5.0),(1.0,5.0),(1.0,5.0),(1.0,5.0),(1.0,5.0),(1.0,5.0)]",x1 MUL y1 ADD x2 MUL y2 ADD x3 MUL y3,ADD ADD MUL x1 y1 MUL x2 y2 MUL x3 y3,OP_ADD OP_ADD OP_MUL VAR VAR OP_MUL VAR VAR OP_MUL VAR VAR,ADD ADD MUL x1 y1 MUL x2 y2 MUL x3 y3,"{}"
I.12.1,"['mu','Nn']","[(1.0,5.0),(1.0,5.0)]",mu MUL Nn,MUL mu Nn,OP_MUL VAR VAR,MUL mu Nn,"{}"
I.12.2,"['q1','q2','epsilon','r']","[(1.0,5.0),(1.0,5.0),(1.0,5.0),(1.0,5.0)]",q1 MUL q2 MUL r DIV ( 4 MUL pi MUL epsilon MUL r POW 3 ),DIV MUL MUL q1 q2 r MUL MUL MUL 4 pi epsilon POW r 3,OP_DIV OP_MUL OP_MUL VAR VAR VAR OP_MUL OP_MUL OP_MUL NUM CONST VAR OP_POW VAR NUM,DIV MUL MUL q1 q2 r MUL MUL MUL <C_0> pi epsilon POW r <C_1>,"{'<C_0>': 4.0,'<C_1>': 3.0}"
I.12.4,"['q1','epsilon','r']","[(1.0,5.0),(1.0,5.0),(1.0,5.0)]",q1 MUL r DIV ( 4 MUL pi MUL epsilon MUL r POW 3 ),DIV MUL q1 r MUL MUL MUL 4 pi epsilon POW r 3,OP_DIV OP_MUL VAR VAR OP_MUL OP_MUL OP_MUL NUM CONST VAR OP_POW VAR NUM,DIV MUL q1 r MUL MUL MUL <C_0> pi epsilon POW r <C_1>,"{'<C_0>': 4.0,'<C_1>': 3.0}"
I.12.5,"['q2','Ef']","[(1.0,5.0),(1.0,5.0)]",q2 MUL Ef,MUL q2 Ef,OP_MUL VAR VAR,MUL q2 Ef,"{}"
I.12.11,"['q','Ef','B','v','theta']","[(1.0,5.0),(1.0,5.0),(1.0,5.0),(1.0,5.0),(1.0,5.0)]",q MUL ( Ef ADD B MUL v MUL sin ( theta ) ),MUL q ADD Ef MUL MUL B v sin theta,OP_MUL VAR OP_ADD VAR OP_MUL OP_MUL VAR VAR FUNC VAR,MUL q ADD Ef MUL MUL B v sin theta,"{}"
I.13.4,"['m','v','u','w']","[(1.0,5.0),(1.0,5.0),(1.0,5.0),(1.0,5.0)]",1 DIV 2 MUL m MUL ( v POW 2 ADD u POW 2 ADD w POW 2 ),MUL MUL DIV 1 2 m ADD ADD POW v 2 POW u 2 POW w 2,OP_MUL OP_MUL OP_DIV NUM NUM VAR OP_ADD OP_ADD OP_POW VAR NUM OP_POW VAR NUM OP_POW VAR NUM,MUL MUL DIV <C_0> <C_1> m ADD ADD POW v <C_1> POW u <C_1> POW w <C_1>,"{'<C_0>': 1.0,'<C_1>': 2.0}"
I.13.12,"['m1','m2','r1','r2','G']","[(1.0,5.0),(1.0,5.0),(1.0,5.0),(1.0,5.0),(1.0,5.0)]",G MUL m1 MUL m2 MUL ( 1 DIV r2 SUB 1 DIV r1 ),MUL MUL MUL G m1 m2 SUB DIV 1 r2 DIV 1 r1,OP_MUL OP_MUL OP_MUL VAR VAR VAR OP_SUB OP_DIV NUM VAR OP_DIV NUM VAR,MUL MUL MUL G m1 m2 SUB DIV <C_0> r2 DIV <C_0> r1,"{'<C_0>': 1.0}"
I.14.3,"['m','g','z']","[(1.0,5.0),(1.0,5.0),(1.0,5.0)]",m MUL g MUL z,MUL MUL m g z,OP_MUL OP_MUL VAR VAR VAR,MUL MUL m g z,"{}"
I.14.4,"['k_spring','x']","[(1.0,5.0),(1.0,5.0)]",1 DIV 2 MUL k_spring MUL x POW 2,MUL MUL DIV 1 2 k_spring POW x 2,OP_MUL OP_MUL OP_DIV NUM NUM VAR OP_POW VAR NUM,MUL MUL DIV <C_0> <C_1> k_spring POW x <C_1>,"{'<C_0>': 1.0,'<C_1>': 2.0}"
I.15.3x,"['x','u','c','t']","[(5.0,10.0),(1.0,2.0),(3.0,20.0),(1.0,2.0)]",( x SUB u MUL t ) DIV sqrt ( 1 SUB u POW 2 DIV c POW 2 ),DIV SUB x MUL u t sqrt SUB 1 DIV POW u 2 POW c 2,OP_DIV OP_SUB VAR OP_MUL VAR VAR FUNC OP_SUB NUM OP_DIV OP_POW VAR NUM OP_POW VAR NUM,DIV SUB x MUL u t sqrt SUB <C_0> DIV POW u <C_1> POW c <C_1>,"{'<C_0>': 1.0,'<C_1>': 2.0}"
I.15.3t,"['x','c','u','t']","[(1.0,5.0),(3.0,10.0),(1.0,2.0),(1.0,5.0)]",( t SUB u MUL x DIV c POW 2 ) DIV sqrt ( 1 SUB u POW 2 DIV c POW 2 ),DIV SUB t DIV MUL u x POW c 2 sqrt SUB 1 DIV POW u 2 POW c 2,OP_DIV OP_SUB VAR OP_DIV OP_MUL VAR VAR OP_POW VAR NUM FUNC OP_SUB NUM OP_DIV OP_POW VAR NUM OP_POW VAR NUM,DIV SUB t DIV MUL u x POW c <C_0> sqrt SUB <C_1> DIV POW u <C_0> POW c <C_0>,"{'<C_0>': 2.0,'<C_1>': 1.0}"
I.15.10,"['m_0','v','c']","[(1.0,5.0),(1.0,2.0),(3.0,10.0)]",m_0 MUL v DIV sqrt ( 1 SUB v POW 2 DIV c POW 2 ),DIV MUL m_0 v sqrt SUB 1 DIV POW v 2 POW c 2,OP_DIV OP_MUL VAR VAR FUNC OP_SUB NUM OP_DIV OP_POW VAR NUM OP_POW VAR NUM,DIV MUL m_0 v sqrt SUB <C_0> DIV POW v <C_1> POW c <C_1>,"{'<C_0>': 1.0,'<C_1>': 2.0}"
I.16.6,"['c','v','u']","[(1.0,5.0),(1.0,5.0),(1.0,5.0)]",( u ADD v ) DIV ( 1 ADD u MUL v DIV c POW 2 ),DIV ADD u v ADD 1 DIV MUL u v POW c 2,OP_DIV OP_ADD VAR VAR OP_ADD NUM OP_DIV OP_MUL VAR VAR OP_POW VAR NUM,DIV ADD u v ADD <C_0> DIV MUL u v POW c <C_1>,"{'<C_0>': 1.0,'<C_1>': 2.0}"
I.18.4,"['m1','m2','r1','r2']","[(1.0,5.0),(1.0,5.0),(1.0,5.0),(1.0,5.0)]",( m1 MUL r1 ADD m2 MUL r2 ) DIV ( m1 ADD m2 ),DIV ADD MUL m1 r1 MUL m2 r2 ADD m1 m2,OP_DIV OP_ADD OP_MUL VAR VAR OP_MUL VAR VAR OP_ADD VAR VAR,DIV ADD MUL m1 r1 MUL m2 r2 ADD m1 m2,"{}"
I.18.12,"['r','F','theta']","[(1.0,5.0),(1.0,5.0),(0.0,5.0)]",r MUL F MUL sin ( theta ),MUL MUL r F sin theta,OP_MUL OP_MUL VAR VAR FUNC VAR,MUL MUL r F sin theta,"{}"
I.18.14,"['m','r','v','theta']","[(1.0,5.0),(1.0,5.0),(1.0,5.0),(1.0,5.0)]",m MUL r MUL v MUL sin ( theta ),MUL MUL MUL m r v sin theta,OP_MUL OP_MUL OP_MUL VAR VAR VAR FUNC VAR,MUL MUL MUL m r v sin theta,"{}"
I.24.6,"['m','omega','omega_0','x']","[(1.0,3.0),(1.0,3.0),(1.0,3.0),(1.0,3.0)]",1 DIV 2 MUL m MUL ( omega POW 2 ADD omega_0 POW 2 ) MUL 1 DIV 2 MUL x POW 2,MUL DIV MUL MUL MUL DIV 1 2 m ADD POW omega 2 POW omega_0 2 1 2 POW x 2,OP_MUL OP_DIV OP_MUL OP_MUL OP_MUL OP_DIV NUM NUM VAR OP_ADD OP_POW VAR NUM OP_POW VAR NUM NUM NUM OP_POW VAR NUM,MUL DIV MUL MUL MUL DIV <C_0> <C_1> m ADD POW omega <C_1> POW omega_0 <C_1> <C_0> <C_1> POW x <C_1>,"{'<C_0>': 1.0,'<C_1>': 2.0}"
I.25.13,"['q','C']","[(1.0,5.0),(1.0,5.0)]",q DIV C,DIV q C,OP_DIV VAR VAR,DIV q C,"{}"
I.26.2,"['n','theta2']","[(0.0,1.0),(1.0,5.0)]",arcsin ( n MUL sin ( theta2 ) ),arcsin MUL n sin theta2,FUNC OP_MUL VAR FUNC VAR,arcsin MUL n sin theta2,"{}"
I.27.6,"['d1','d2','n']","[(1.0,5.0),(1.0,5.0),(1.0,5.0)]",1 DIV ( 1 DIV d1 ADD n DIV d2 ),DIV 1 ADD DIV 1 d1 DIV n d2,OP_DIV NUM OP_ADD OP_DIV NUM VAR OP_DIV VAR VAR,DIV <C_0> ADD DIV <C_0> d1 DIV n d2,"{'<C_0>': 1.0}"
I.29.4,"['omega','c']","[(1.0,10.0),(1.0,10.0)]",omega DIV c,DIV omega c,OP_DIV VAR VAR,DIV omega c,"{}"
I.29.16,"['x1','x2','theta1','theta2']","[(1.0,5.0),(1.0,5.0),(1.0,5.0),(1.0,5.0)]",sqrt ( x1 POW 2 ADD x2 POW 2 SUB 2 MUL x1 MUL x2 MUL cos ( theta1 SUB theta2 ) ),sqrt SUB ADD POW x1 2 POW x2 2 MUL MUL MUL 2 x1 x2 cos SUB theta1 theta2,FUNC OP_SUB OP_ADD OP_POW VAR NUM OP_POW VAR NUM OP_MUL OP_MUL OP_MUL NUM VAR VAR FUNC OP_SUB VAR VAR,sqrt SUB ADD POW x1 <C_0> POW x2 <C_0> MUL MUL MUL <C_0> x1 x2 cos SUB theta1 theta2,"{'<C_0>': 2.0}"
I.30.3,"['Int_0','theta','n']","[(1.0,5.0),(1.0,5.0),(1.0,5.0)]",Int_0 MUL sin ( n MUL theta DIV 2 ) POW 2 DIV sin ( theta DIV 2 ) POW 2,DIV MUL Int_0 POW sin DIV MUL n theta 2 2 POW sin DIV theta 2 2,OP_DIV OP_MUL VAR OP_POW FUNC OP_DIV OP_MUL VAR VAR NUM NUM OP_POW FUNC OP_DIV VAR NUM NUM,DIV MUL Int_0 POW sin DIV MUL n theta <C_0> <C_0> POW sin DIV theta <C_0> <C_0>,"{'<C_0>': 2.0}"
I.30.5,"['lambd','d','n']","[(1.0,2.0),(2.0,5.0),(1.0,5.0)]",arcsin ( lambd DIV ( n MUL d ) ),arcsin DIV lambd MUL n d,FUNC OP_DIV VAR OP_MUL VAR VAR,arcsin DIV lambd MUL n d,"{}"
I.32.5,"['q','a','epsilon','c']","[(1.0,5.0),(1.0,5.0),(1.0,5.0),(1.0,5.0)]",q POW 2 MUL a POW 2 DIV ( 6 MUL pi MUL epsilon MUL c POW 3 ),DIV MUL POW q 2 POW a 2 MUL MUL MUL 6 pi epsilon POW c 3,OP_DIV OP_MUL OP_POW VAR NUM OP_POW VAR NUM OP_MUL OP_MUL OP_MUL NUM CONST VAR OP_POW VAR NUM,DIV MUL POW q <C_0> POW a <C_0> MUL MUL MUL <C_1> pi epsilon POW c <C_2>,"{'<C_0>': 2.0,'<C_1>': 6.0,'<C_2>': 3.0}"
I.32.17,"['epsilon','c','Ef','r','omega','omega_0']","[(1.0,2.0),(1.0,2.0),(1.0,2.0),(1.0,2.0),(1.0,2.0),(3.0,5.0)]",( 1 DIV 2 MUL epsilon MUL c MUL Ef POW 2 ) MUL ( 8 MUL pi MUL r POW 2 DIV 3 ) MUL ( omega POW 4 DIV ( omega POW 2 SUB omega_0 POW 2 ) POW 2 ),MUL MUL MUL MUL MUL DIV 1 2 epsilon c POW Ef 2 DIV MUL MUL 8 pi POW r 2 3 DIV POW omega 4 POW SUB POW omega 2 POW omega_0 2 2,OP_MUL OP_MUL OP_MUL OP_MUL OP_MUL OP_DIV NUM NUM VAR VAR OP_POW VAR NUM OP_DIV OP_MUL OP_MUL NUM CONST OP_POW VAR NUM NUM OP_DIV OP_POW VAR NUM OP_POW OP_SUB OP_POW VAR NUM OP_POW VAR NUM NUM,MUL MUL MUL MUL MUL DIV <C_0> <C_1> epsilon c POW Ef <C_1> DIV MUL MUL <C_2> pi POW r <C_1> <C_3> DIV POW omega <C_4> POW SUB POW omega <C_1> POW omega_0 <C_1> <C_1>,"{'<C_0>': 1.0,'<C_1>': 2.0,'<C_2>': 8.0,'<C_3>': 3.0,'<C_4>': 4.0}"
I.34.8,"['q','v','B','p']","[(1.0,5.0),(1.0,5.0),(1.0,5.0),(1.0,5.0)]",q MUL v MUL B DIV p,DIV MUL MUL q v B p,OP_DIV OP_MUL OP_MUL VAR VAR VAR VAR,DIV MUL MUL q v B p,"{}"
I.34.1,"['c','v','omega_0']","[(3.0,10.0),(1.0,2.0),(1.0,5.0)]",omega_0 DIV ( 1 SUB v DIV c ),DIV omega_0 SUB 1 DIV v c,OP_DIV VAR OP_SUB NUM OP_DIV VAR VAR,DIV omega_0 SUB <C_0> DIV v c,"{'<C_0>': 1.0}"
I.34.14,"['c','v','omega_0']","[(3.0,10.0),(1.0,2.0),(1.0,5.0)]",( 1 ADD v DIV c ) DIV sqrt ( 1 SUB v POW 2 DIV c POW 2 ) MUL omega_0,MUL DIV ADD 1 DIV v c sqrt SUB 1 DIV POW v 2 POW c 2 omega_0,OP_MUL OP_DIV OP_ADD NUM OP_DIV VAR VAR FUNC OP_SUB NUM OP_DIV OP_POW VAR NUM OP_POW VAR NUM VAR,MUL DIV ADD <C_0> DIV v c sqrt SUB <C_0> DIV POW v <C_1> POW c <C_1> omega_0,"{'<C_0>': 1.0,'<C_1>': 2.0}"
I.34.27,"['omega','h']","[(1.0,5.0),(1.0,5.0)]",( h DIV ( 2 MUL pi ) ) MUL omega,MUL DIV h MUL 2 pi omega,OP_MUL OP_DIV VAR OP_MUL NUM CONST VAR,MUL DIV h MUL <C_0> pi omega,"{'<C_0>': 2.0}"
I.37.4,"['I1','I2','delta']","[(1.0,5.0),(1.0,5.0),(1.0,5.0)]",I1 ADD I2 ADD 2 MUL sqrt ( I1 MUL I2 ) MUL cos ( delta ),ADD ADD I1 I2 MUL MUL 2 sqrt MUL I1 I2 cos delta,OP_ADD OP_ADD VAR VAR OP_MUL OP_MUL NUM FUNC OP_MUL VAR VAR FUNC VAR,ADD ADD I1 I2 MUL MUL <C_0> sqrt MUL I1 I2 cos delta,"{'<C_0>': 2.0}"
I.38.12,"['m','q','h','epsilon']","[(1.0,5.0),(1.0,5.0),(1.0,5.0),(1.0,5.0)]",4 MUL pi MUL epsilon MUL ( h DIV ( 2 MUL pi ) ) POW 2 DIV ( m MUL q POW 2 ),DIV MUL MUL MUL 4 pi epsilon POW DIV h MUL 2 pi 2 MUL m POW q 2,OP_DIV OP_MUL OP_MUL OP_MUL NUM CONST VAR OP_POW OP_DIV VAR OP_MUL NUM CONST NUM OP_MUL VAR OP_POW VAR NUM,DIV MUL MUL MUL <C_0> pi epsilon POW DIV h MUL <C_1> pi <C_1> MUL m POW q <C_1>,"{'<C_0>': 4.0,'<C_1>': 2.0}"
I.39.1,"['pr','V']","[(1.0,5.0),(1.0,5.0)]",3 DIV 2 MUL pr MUL V,MUL MUL DIV 3 2 pr V,OP_MUL OP_MUL OP_DIV NUM NUM VAR VAR,MUL MUL DIV <C_0> <C_1> pr V,"{'<C_0>': 3.0,'<C_1>': 2.0}"
I.39.11,"['gamma','pr','V']","[(2.0,5.0),(1.0,5.0),(1.0,5.0)]",1 DIV ( gamma SUB 1 ) MUL pr MUL V,MUL MUL DIV 1 SUB gamma 1 pr V,OP_MUL OP_MUL OP_DIV NUM OP_SUB VAR NUM VAR VAR,MUL MUL DIV <C_0> SUB gamma <C_0> pr V,"{'<C_0>': 1.0}"
I.39.22,"['n','T','V','kb']","[(1.0,5.0),(1.0,5.0),(1.0,5.0),(1.0,5.0)]",n MUL kb MUL T DIV V,DIV MUL MUL n kb T V,OP_DIV OP_MUL OP_MUL VAR VAR VAR VAR,DIV MUL MUL n kb T V,"{}"
I.40.1,"['n_0','m','x','T','g','kb']","[(1.0,5.0),(1.0,5.0),(1.0,5.0),(1.0,5.0),(1.0,5.0),(1.0,5.0)]",n_0 MUL exp ( SUB m MUL g MUL x DIV ( kb MUL T ) ),MUL n_0 exp DIV MUL MUL NEG m g x MUL kb T,OP_MUL VAR FUNC OP_DIV OP_MUL OP_MUL OP_NEG VAR VAR VAR OP_MUL VAR VAR,MUL n_0 exp DIV MUL MUL NEG m g x MUL kb T,"{}"
I.41.16,"['omega','T','h','kb','c']","[(1.0,5.0),(1.0,5.0),(1.0,5.0),(1.0,5.0),(1.0,5.0)]",h DIV ( 2 MUL pi ) MUL omega POW 3 DIV ( pi POW 2 MUL c POW 2 MUL ( exp ( ( h DIV ( 2 MUL pi ) ) MUL omega DIV ( kb MUL T ) ) SUB 1 ) ),DIV MUL DIV h MUL 2 pi POW omega 3 MUL MUL POW pi 2 POW c 2 SUB exp DIV MUL DIV h MUL 2 pi omega MUL kb T 1,OP_DIV OP_MUL OP_DIV VAR OP_MUL NUM CONST OP_POW VAR NUM OP_MUL OP_MUL OP_POW CONST NUM OP_POW VAR NUM OP_SUB FUNC OP_DIV OP_MUL OP_DIV VAR OP_MUL NUM CONST VAR OP_MUL VAR VAR NUM,DIV MUL DIV h MUL <C_0> pi POW omega <C_1> MUL MUL POW pi <C_0> POW c <C_0> SUB exp DIV MUL DIV h MUL <C_0> pi omega MUL kb T <C_2>,"{'<C_0>': 2.0,'<C_1>': 3.0,'<C_2>': 1.0}"
I.43.16,"['mu_drift','q','Volt','d']","[(1.0,5.0),(1.0,5.0),(1.0,5.0),(1.0,5.0)]",mu_drift MUL q MUL Volt DIV d,DIV MUL MUL mu_drift q Volt d,OP_DIV OP_MUL OP_MUL VAR VAR VAR VAR,DIV MUL MUL mu_drift q Volt d,"{}"
I.43.31,"['mob','T','kb']","[(1.0,5.0),(1.0,5.0),(1.0,5.0)]",mob MUL kb MUL T,MUL MUL mob kb T,OP_MUL OP_MUL VAR VAR VAR,MUL MUL mob kb T,"{}"
I.43.43,"['gamma','kb','A','v']","[(2.0,5.0),(1.0,5.0),(1.0,5.0),(1.0,5.0)]",1 DIV ( gamma SUB 1 ) MUL kb MUL v DIV A,DIV MUL MUL DIV 1 SUB gamma 1 kb v A,OP_DIV OP_MUL OP_MUL OP_DIV NUM OP_SUB VAR NUM VAR VAR VAR,DIV MUL MUL DIV <C_0> SUB gamma <C_0> kb v A,"{'<C_0>': 1.0}"
I.44.4,"['n','kb','T','V1','V2']","[(1.0,5.0),(1.0,5.0),(1.0,5.0),(1.0,5.0),(1.0,5.0)]",n MUL kb MUL T MUL ln ( V2 DIV V1 ),MUL MUL MUL n kb T ln DIV V2 V1,OP_MUL OP_MUL OP_MUL VAR VAR VAR FUNC OP_DIV VAR VAR,MUL MUL MUL n kb T ln DIV V2 V1,"{}"
I.47.23,"['gamma','pr','rho']","[(1.0,5.0),(1.0,5.0),(1.0,5.0)]",sqrt ( gamma MUL pr DIV rho ),sqrt DIV MUL gamma pr rho,FUNC OP_DIV OP_MUL VAR VAR VAR,sqrt DIV MUL gamma pr rho,"{}"
I.48.20,"['m','v','c']","[(1.0,5.0),(1.0,2.0),(3.0,10.0)]",m MUL c POW 2 DIV sqrt ( 1 SUB v POW 2 DIV c POW 2 ),DIV MUL m POW c 2 sqrt SUB 1 DIV POW v 2 POW c 2,OP_DIV OP_MUL VAR OP_POW VAR NUM FUNC OP_SUB NUM OP_DIV OP_POW VAR NUM OP_POW VAR NUM,DIV MUL m POW c <C_0> sqrt SUB <C_1> DIV POW v <C_0> POW c <C_0>,"{'<C_0>': 2.0,'<C_1>': 1.0}"
I.50.26,"['x1','omega','t','alpha']","[(1.0,3.0),(1.0,3.0),(1.0,3.0),(1.0,3.0)]",x1 MUL ( cos ( omega MUL t ) ADD alpha MUL cos ( omega MUL t ) POW 2 ),MUL x1 ADD cos MUL omega t MUL alpha POW cos MUL omega t 2,OP_MUL VAR OP_ADD FUNC OP_MUL VAR VAR OP_MUL VAR OP_POW FUNC OP_MUL VAR VAR NUM,MUL x1 ADD cos MUL omega t MUL alpha POW cos MUL omega t <C_0>,"{'<C_0>': 2.0}"
II.2.42,"['kappa','T1','T2','A','d']","[(1.0,5.0),(1.0,5.0),(1.0,5.0),(1.0,5.0),(1.0,5.0)]",kappa MUL ( T2 SUB T1 ) MUL A DIV d,DIV MUL MUL kappa SUB T2 T1 A d,OP_DIV OP_MUL OP_MUL VAR OP_SUB VAR VAR VAR VAR,DIV MUL MUL kappa SUB T2 T1 A d,"{}"
II.3.24,"['Pwr','r']","[(1.0,5.0),(1.0,5.0)]",Pwr DIV ( 4 MUL pi MUL r POW 2 ),DIV Pwr MUL MUL 4 pi POW r 2,OP_DIV VAR OP_MUL OP_MUL NUM CONST OP_POW VAR NUM,DIV Pwr MUL MUL <C_0> pi POW r <C_1>,"{'<C_0>': 4.0,'<C_1>': 2.0}"
II.4.23,"['q','epsilon','r']","[(1.0,5.0),(1.0,5.0),(1.0,5.0)]",q DIV ( 4 MUL pi MUL epsilon MUL r ),DIV q MUL MUL MUL 4 pi epsilon r,OP_DIV VAR OP_MUL OP_MUL OP_MUL NUM CONST VAR VAR,DIV q MUL MUL MUL <C_0> pi epsilon r,"{'<C_0>': 4.0}"
II.6.11,"['epsilon','p_d','theta','r']","[(1.0,3.0),(1.0,3.0),(1.0,3.0),(1.0,3.0)]",1 DIV ( 4 MUL pi MUL epsilon ) MUL p_d MUL cos ( theta ) DIV r POW 2,DIV MUL MUL DIV 1 MUL MUL 4 pi epsilon p_d cos theta POW r 2,OP_DIV OP_MUL OP_MUL OP_DIV NUM OP_MUL OP_MUL NUM CONST VAR VAR FUNC VAR OP_POW VAR NUM,DIV MUL MUL DIV <C_0> MUL MUL <C_1> pi epsilon p_d cos theta POW r <C_2>,"{'<C_0>': 1.0,'<C_1>': 4.0,'<C_2>': 2.0}"
II.6.15a,"['epsilon','p_d','r','x','y','z']","[(1.0,3.0),(1.0,3.0),(1.0,3.0),(1.0,3.0),(1.0,3.0),(1.0,3.0)]",p_d DIV ( 4 MUL pi MUL epsilon ) MUL 3 MUL z DIV r POW 5 MUL sqrt ( x POW 2 ADD y POW 2 ),MUL DIV MUL MUL DIV p_d MUL MUL 4 pi epsilon 3 z POW r 5 sqrt ADD POW x 2 POW y 2,OP_MUL OP_DIV OP_MUL OP_MUL OP_DIV VAR OP_MUL OP_MUL NUM CONST VAR NUM VAR OP_POW VAR NUM FUNC OP_ADD OP_POW VAR NUM OP_POW VAR NUM,MUL DIV MUL MUL DIV p_d MUL MUL <C_0> pi epsilon <C_1> z POW r <C_2> sqrt ADD POW x <C_3> POW y <C_3>,"{'<C_0>': 4.0,'<C_1>': 3.0,'<C_2>': 5.0,'<C_3>': 2.0}"
II.6.15b,"['epsilon','p_d','theta','r']","[(1.0,3.0),(1.0,3.0),(1.0,3.0),(1.0,3.0)]",p_d DIV ( 4 MUL pi MUL epsilon ) MUL 3 MUL cos ( theta ) MUL sin ( theta ) DIV r POW 3,DIV MUL MUL MUL DIV p_d MUL MUL 4 pi epsilon 3 cos theta sin theta POW r 3,OP_DIV OP_MUL OP_MUL OP_MUL OP_DIV VAR OP_MUL OP_MUL NUM CONST VAR NUM FUNC VAR FUNC VAR OP_POW VAR NUM,DIV MUL MUL MUL DIV p_d MUL MUL <C_0> pi epsilon <C_1> cos theta sin theta POW r <C_1>,"{'<C_0>': 4.0,'<C_1>': 3.0}"
II.8.7,"['q','epsilon','d']","[(1.0,5.0),(1.0,5.0),(1.0,5.0)]",3 DIV 5 MUL q POW 2 DIV ( 4 MUL pi MUL epsilon MUL d ),DIV MUL DIV 3 5 POW q 2 MUL MUL MUL 4 pi epsilon d,OP_DIV OP_MUL OP_DIV NUM NUM OP_POW VAR NUM OP_MUL OP_MUL OP_MUL NUM CONST VAR VAR,DIV MUL DIV <C_0> <C_1> POW q <C_2> MUL MUL MUL <C_3> pi epsilon d,"{'<C_0>': 3.0,'<C_1>': 5.0,'<C_2>': 2.0,'<C_3>': 4.0}"
II.8.31,"['epsilon','Ef']","[(1.0,5.0),(1.0,5.0)]",epsilon MUL Ef POW 2 DIV 2,DIV MUL epsilon POW Ef 2 2,OP_DIV OP_MUL VAR OP_POW VAR NUM NUM,DIV MUL epsilon POW Ef <C_0> <C_0>,"{'<C_0>': 2.0}"
II.10.9,"['sigma_den','epsilon','chi']","[(1.0,5.0),(1.0,5.0),(1.0,5.0)]",sigma_den DIV epsilon MUL 1 DIV ( 1 ADD chi ),DIV MUL DIV sigma_den epsilon 1 ADD 1 chi,OP_DIV OP_MUL OP_DIV VAR VAR NUM OP_ADD NUM VAR,DIV MUL DIV sigma_den epsilon <C_0> ADD <C_0> chi,"{'<C_0>': 1.0}"
II.11.3,"['q','Ef','m','omega_0','omega']","[(1.0,3.0),(1.0,3.0),(1.0,3.0),(3.0,5.0),(1.0,2.0)]",q MUL Ef DIV ( m MUL ( omega_0 POW 2 SUB omega POW 2 ) ),DIV MUL q Ef MUL m SUB POW omega_0 2 POW omega 2,OP_DIV OP_MUL VAR VAR OP_MUL VAR OP_SUB OP_POW VAR NUM OP_POW VAR NUM,DIV MUL q Ef MUL m SUB POW omega_0 <C_0> POW omega <C_0>,"{'<C_0>': 2.0}"
II.11.7,"['n_0','kb','T','theta','p_d','Ef']","[(1.0,3.0),(1.0,3.0),(1.0,3.0),(1.0,3.0),(1.0,3.0),(1.0,3.0)]",n_0 MUL ( 1 ADD p_d MUL Ef MUL cos ( theta ) DIV ( kb MUL T ) ),MUL n_0 ADD 1 DIV MUL MUL p_d Ef cos theta MUL kb T,OP_MUL VAR OP_ADD NUM OP_DIV OP_MUL OP_MUL VAR VAR FUNC VAR OP_MUL VAR VAR,MUL n_0 ADD <C_0> DIV MUL MUL p_d Ef cos theta MUL kb T,"{'<C_0>': 1.0}"
II.11.20,"['n_rho','p_d','Ef','kb','T']","[(1.0,5.0),(1.0,5.0),(1.0,5.0),(1.0,5.0),(1.0,5.0)]",n_rho MUL p_d POW 2 MUL Ef DIV ( 3 MUL kb MUL T ),DIV MUL MUL n_rho POW p_d 2 Ef MUL MUL 3 kb T,OP_DIV OP_MUL OP_MUL VAR OP_POW VAR NUM VAR OP_MUL OP_MUL NUM VAR VAR,DIV MUL MUL n_rho POW p_d <C_0> Ef MUL MUL <C_1> kb T,"{'<C_0>': 2.0,'<C_1>': 3.0}"
II.11.27,"['n','alpha','epsilon','Ef']","[(0.0,1.0),(0.0,1.0),(1.0,2.0),(1.0,2.0)]",n MUL alpha DIV ( 1 SUB ( n MUL alpha DIV 3 ) ) MUL epsilon MUL Ef,MUL MUL DIV MUL n alpha SUB 1 DIV MUL n alpha 3 epsilon Ef,OP_MUL OP_MUL OP_DIV OP_MUL VAR VAR OP_SUB NUM OP_DIV OP_MUL VAR VAR NUM VAR VAR,MUL MUL DIV MUL n alpha SUB <C_0> DIV MUL n alpha <C_1> epsilon Ef,"{'<C_0>': 1.0,'<C_1>': 3.0}"
II.11.28,"['n','alpha']","[(0.0,1.0),(0.0,1.0)]",1 ADD n MUL alpha DIV ( 1 SUB ( n MUL alpha DIV 3 ) ),ADD 1 DIV MUL n alpha SUB 1 DIV MUL n alpha 3,OP_ADD NUM OP_DIV OP_MUL VAR VAR OP_SUB NUM OP_DIV OP_MUL VAR VAR NUM,ADD <C_0> DIV MUL n alpha SUB <C_0> DIV MUL n alpha <C_1>,"{'<C_0>': 1.0,'<C_1>': 3.0}"
II.13.17,"['epsilon','c','I','r']","[(1.0,5.0),(1.0,5.0),(1.0,5.0),(1.0,5.0)]",1 DIV ( 4 MUL pi MUL epsilon MUL c POW 2 ) MUL 2 MUL I DIV r,DIV MUL MUL DIV 1 MUL MUL MUL 4 pi epsilon POW c 2 2 I r,OP_DIV OP_MUL OP_MUL OP_DIV NUM OP_MUL OP_MUL OP_MUL NUM CONST VAR OP_POW VAR NUM NUM VAR VAR,DIV MUL MUL DIV <C_0> MUL MUL MUL <C_1> pi epsilon POW c <C_2> <C_2> I r,"{'<C_0>': 1.0,'<C_1>': 4.0,'<C_2>': 2.0}"
II.13.23,"['rho_c_0','v','c']","[(1.0,5.0),(1.0,2.0),(3.0,10.0)]",rho_c_0 DIV sqrt ( 1 SUB v POW 2 DIV c POW 2 ),DIV rho_c_0 sqrt SUB 1 DIV POW v 2 POW c 2,OP_DIV VAR FUNC OP_SUB NUM OP_DIV OP_POW VAR NUM OP_POW VAR NUM,DIV rho_c_0 sqrt SUB <C_0> DIV POW v <C_1> POW c <C_1>,"{'<C_0>': 1.0,'<C_1>': 2.0}"
II.13.34,"['rho_c_0','v','c']","[(1.0,5.0),(1.0,2.0),(3.0,10.0)]",rho_c_0 MUL v DIV sqrt ( 1 SUB v POW 2 DIV c POW 2 ),DIV MUL rho_c_0 v sqrt SUB 1 DIV POW v 2 POW c 2,OP_DIV OP_MUL VAR VAR FUNC OP_SUB NUM OP_DIV OP_POW VAR NUM OP_POW VAR NUM,DIV MUL rho_c_0 v sqrt SUB <C_0> DIV POW v <C_1> POW c <C_1>,"{'<C_0>': 1.0,'<C_1>': 2.0}"
II.15.4,"['mom','B','theta']","[(1.0,5.0),(1.0,5.0),(1.0,5.0)]",SUB mom MUL B MUL cos ( theta ),MUL MUL NEG mom B cos theta,OP_MUL OP_MUL OP_NEG VAR VAR FUNC VAR,MUL MUL NEG mom B cos theta,"{}"
II.15.5,"['p_d','Ef','theta']","[(1.0,5.0),(1.0,5.0),(1.0,5.0)]",SUB p_d MUL Ef MUL cos ( theta ),MUL MUL NEG p_d Ef cos theta,OP_MUL OP_MUL OP_NEG VAR VAR FUNC VAR,MUL MUL NEG p_d Ef cos theta,"{}"
II.21.32,"['q','epsilon','r','v','c']","[(1.0,5.0),(1.0,5.0),(1.0,5.0),(1.0,2.0),(3.0,10.0)]",q DIV ( 4 MUL pi MUL epsilon MUL r MUL ( 1 SUB v DIV c ) ),DIV q MUL MUL MUL MUL 4 pi epsilon r SUB 1 DIV v c,OP_DIV VAR OP_MUL OP_MUL OP_MUL OP_MUL NUM CONST VAR VAR OP_SUB NUM OP_DIV VAR VAR,DIV q MUL MUL MUL MUL <C_0> pi epsilon r SUB <C_1> DIV v c,"{'<C_0>': 4.0,'<C_1>': 1.0}"
II.24.17,"['omega','c','d']","[(4.0,6.0),(1.0,2.0),(2.0,4.0)]",sqrt ( omega POW 2 DIV c POW 2 SUB pi POW 2 DIV d POW 2 ),sqrt SUB DIV POW omega 2 POW c 2 DIV POW pi 2 POW d 2,FUNC OP_SUB OP_DIV OP_POW VAR NUM OP_POW VAR NUM OP_DIV OP_POW CONST NUM OP_POW VAR NUM,sqrt SUB DIV POW omega <C_0> POW c <C_0> DIV POW pi <C_0> POW d <C_0>,"{'<C_0>': 2.0}"
II.27.16,"['epsilon','c','Ef']","[(1.0,5.0),(1.0,5.0),(1.0,5.0)]",epsilon MUL c MUL Ef POW 2,MUL MUL epsilon c POW Ef 2,OP_MUL OP_MUL VAR VAR OP_POW VAR NUM,MUL MUL epsilon c POW Ef <C_0>,"{'<C_0>': 2.0}"
II.27.18,"['epsilon','Ef']","[(1.0,5.0),(1.0,5.0)]",epsilon MUL Ef POW 2,MUL epsilon POW Ef 2,OP_MUL VAR OP_POW VAR NUM,MUL epsilon POW Ef <C_0>,"{'<C_0>': 2.0}"
II.34.2a,"['q','v','r']","[(1.0,5.0),(1.0,5.0),(1.0,5.0)]",q MUL v DIV ( 2 MUL pi MUL r ),DIV MUL q v MUL MUL 2 pi r,OP_DIV OP_MUL VAR VAR OP_MUL OP_MUL NUM CONST VAR,DIV MUL q v MUL MUL <C_0> pi r,"{'<C_0>': 2.0}"
II.34.2,"['q','v','r']","[(1.0,5.0),(1.0,5.0),(1.0,5.0)]",q MUL v MUL r DIV 2,DIV MUL MUL q v r 2,OP_DIV OP_MUL OP_MUL VAR VAR VAR NUM,DIV MUL MUL q v r <C_0>,"{'<C_0>': 2.0}"
II.34.11,"['g_','q','B','m']","[(1.0,5.0),(1.0,5.0),(1.0,5.0),(1.0,5.0)]",g_ MUL q MUL B DIV ( 2 MUL m ),DIV MUL MUL g_ q B MUL 2 m,OP_DIV OP_MUL OP_MUL VAR VAR VAR OP_MUL NUM VAR,DIV MUL MUL g_ q B MUL <C_0> m,"{'<C_0>': 2.0}"
II.34.29a,"['q','h','m']","[(1.0,5.0),(1.0,5.0),(1.0,5.0)]",q MUL h DIV ( 4 MUL pi MUL m ),DIV MUL q h MUL MUL 4 pi m,OP_DIV OP_MUL VAR VAR OP_MUL OP_MUL NUM CONST VAR,DIV MUL q h MUL MUL <C_0> pi m,"{'<C_0>': 4.0}"
II.34.29b,"['g_','h','Jz','mom','B']","[(1.0,5.0),(1.0,5.0),(1.0,5.0),(1.0,5.0),(1.0,5.0)]",g_ MUL mom MUL B MUL Jz DIV ( h DIV ( 2 MUL pi ) ),DIV MUL MUL MUL g_ mom B Jz DIV h MUL 2 pi,OP_DIV OP_MUL OP_MUL OP_MUL VAR VAR VAR VAR OP_DIV VAR OP_MUL NUM CONST,DIV MUL MUL MUL g_ mom B Jz DIV h MUL <C_0> pi,"{'<C_0>': 2.0}"
II.35.18,"['n_0','kb','T','mom','B']","[(1.0,3.0),(1.0,3.0),(1.0,3.0),(1.0,3.0),(1.0,3.0)]",n_0 DIV ( exp ( mom MUL B DIV ( kb MUL T ) ) ADD exp ( SUB mom MUL B DIV ( kb MUL T ) ) ),DIV n_0 ADD exp DIV MUL mom B MUL kb T exp DIV MUL NEG mom B MUL kb T,OP_DIV VAR OP_ADD FUNC OP_DIV OP_MUL VAR VAR OP_MUL VAR VAR FUNC OP_DIV OP_MUL OP_NEG VAR VAR OP_MUL VAR VAR,DIV n_0 ADD exp DIV MUL mom B MUL kb T exp DIV MUL NEG mom B MUL kb T,"{}"
II.35.21,"['n_rho','mom','B','kb','T']","[(1.0,5.0),(1.0,5.0),(1.0,5.0),(1.0,5.0),(1.0,5.0)]",n_rho MUL mom MUL tanh ( mom MUL B DIV ( kb MUL T ) ),MUL MUL n_rho mom tanh DIV MUL mom B MUL kb T,OP_MUL OP_MUL VAR VAR FUNC OP_DIV OP_MUL VAR VAR OP_MUL VAR VAR,MUL MUL n_rho mom tanh DIV MUL mom B MUL kb T,"{}"
II.36.38,"['mom','H','kb','T','alpha','epsilon','c','M']","[(1.0,3.0),(1.0,3.0),(1.0,3.0),(1.0,3.0),(1.0,3.0),(1.0,3.0),(1.0,3.0),(1.0,3.0)]",mom MUL H DIV ( kb MUL T ) ADD ( mom MUL alpha ) DIV ( epsilon MUL c POW 2 MUL kb MUL T ) MUL M,ADD DIV MUL mom H MUL kb T MUL DIV MUL mom alpha MUL MUL MUL epsilon POW c 2 kb T M,OP_ADD OP_DIV OP_MUL VAR VAR OP_MUL VAR VAR OP_MUL OP_DIV OP_MUL VAR VAR OP_MUL OP_MUL OP_MUL VAR OP_POW VAR NUM VAR VAR VAR,ADD DIV MUL mom H MUL kb T MUL DIV MUL mom alpha MUL MUL MUL epsilon POW c <C_0> kb T M,"{'<C_0>': 2.0}"
II.37.1,"['mom','B','chi']","[(1.0,5.0),(1.0,5.0),(1.0,5.0)]",mom MUL ( 1 ADD chi ) MUL B,MUL MUL mom ADD 1 chi B,OP_MUL OP_MUL VAR OP_ADD NUM VAR VAR,MUL MUL mom ADD <C_0> chi B,"{'<C_0>': 1.0}"
II.38.3,"['Y','A','d','x']","[(1.0,5.0),(1.0,5.0),(1.0,5.0),(1.0,5.0)]",Y MUL A MUL x DIV d,DIV MUL MUL Y A x d,OP_DIV OP_MUL OP_MUL VAR VAR VAR VAR,DIV MUL MUL Y A x d,"{}"
II.38.14,"['Y','sigma']","[(1.0,5.0),(1.0,5.0)]",Y DIV ( 2 MUL ( 1 ADD sigma ) ),DIV Y MUL 2 ADD 1 sigma,OP_DIV VAR OP_MUL NUM OP_ADD NUM VAR,DIV Y MUL <C_0> ADD <C_1> sigma,"{'<C_0>': 2.0,'<C_1>': 1.0}"
III.4.32,"['h','omega','kb','T']","[(1.0,5.0),(1.0,5.0),(1.0,5.0),(1.0,5.0)]",1 DIV ( exp ( ( h DIV ( 2 MUL pi ) ) MUL omega DIV ( kb MUL T ) ) SUB 1 ),DIV 1 SUB exp DIV MUL DIV h MUL 2 pi omega MUL kb T 1,OP_DIV NUM OP_SUB FUNC OP_DIV OP_MUL OP_DIV VAR OP_MUL NUM CONST VAR OP_MUL VAR VAR NUM,DIV <C_0> SUB exp DIV MUL DIV h MUL <C_1> pi omega MUL kb T <C_0>,"{'<C_0>': 1.0,'<C_1>': 2.0}"
III.4.33,"['h','omega','kb','T']","[(1.0,5.0),(1.0,5.0),(1.0,5.0),(1.0,5.0)]",( h DIV ( 2 MUL pi ) ) MUL omega DIV ( exp ( ( h DIV ( 2 MUL pi ) ) MUL omega DIV ( kb MUL T ) ) SUB 1 ),DIV MUL DIV h MUL 2 pi omega SUB exp DIV MUL DIV h MUL 2 pi omega MUL kb T 1,OP_DIV OP_MUL OP_DIV VAR OP_MUL NUM CONST VAR OP_SUB FUNC OP_DIV OP_MUL OP_DIV VAR OP_MUL NUM CONST VAR OP_MUL VAR VAR NUM,DIV MUL DIV h MUL <C_0> pi omega SUB exp DIV MUL DIV h MUL <C_0> pi omega MUL kb T <C_1>,"{'<C_0>': 2.0,'<C_1>': 1.0}"
III.7.38,"['mom','B','h']","[(1.0,5.0),(1.0,5.0),(1.0,5.0)]",2 MUL mom MUL B DIV ( h DIV ( 2 MUL pi ) ),DIV MUL MUL 2 mom B DIV h MUL 2 pi,OP_DIV OP_MUL OP_MUL NUM VAR VAR OP_DIV VAR OP_MUL NUM CONST,DIV MUL MUL <C_0> mom B DIV h MUL <C_0> pi,"{'<C_0>': 2.0}"
III.8.54,"['E_n','t','h']","[(1.0,2.0),(1.0,2.0),(1.0,4.0)]",sin ( E_n MUL t DIV ( h DIV ( 2 MUL pi ) ) ) POW 2,POW sin DIV MUL E_n t DIV h MUL 2 pi 2,OP_POW FUNC OP_DIV OP_MUL VAR VAR OP_DIV VAR OP_MUL NUM CONST NUM,POW sin DIV MUL E_n t DIV h MUL <C_0> pi <C_0>,"{'<C_0>': 2.0}"
III.9.52,"['p_d','Ef','t','h','omega','omega_0']","[(1.0,3.0),(1.0,3.0),(1.0,3.0),(1.0,3.0),(1.0,5.0),(1.0,5.0)]",( p_d MUL Ef MUL t DIV ( h DIV ( 2 MUL pi ) ) ) MUL sin ( ( omega SUB omega_0 ) MUL t DIV 2 ) POW 2 DIV ( ( omega SUB omega_0 ) MUL t DIV 2 ) POW 2,DIV MUL DIV MUL MUL p_d Ef t DIV h MUL 2 pi POW sin DIV MUL SUB omega omega_0 t 2 2 POW DIV MUL SUB omega omega_0 t 2 2,OP_DIV OP_MUL OP_DIV OP_MUL OP_MUL VAR VAR VAR OP_DIV VAR OP_MUL NUM CONST OP_POW FUNC OP_DIV OP_MUL OP_SUB VAR VAR VAR NUM NUM OP_POW OP_DIV OP_MUL OP_SUB VAR VAR VAR NUM NUM,DIV MUL DIV MUL MUL p_d Ef t DIV h MUL <C_0> pi POW sin DIV MUL SUB omega omega_0 t <C_0> <C_0> POW DIV MUL SUB omega omega_0 t <C_0> <C_0>,"{'<C_0>': 2.0}"
III.10.19,"['mom','Bx','By','Bz']","[(1.0,5.0),(1.0,5.0),(1.0,5.0),(1.0,5.0)]",mom MUL sqrt ( Bx POW 2 ADD By POW 2 ADD Bz POW 2 ),MUL mom sqrt ADD ADD POW Bx 2 POW By 2 POW Bz 2,OP_MUL VAR FUNC OP_ADD OP_ADD OP_POW VAR NUM OP_POW VAR NUM OP_POW VAR NUM,MUL mom sqrt ADD ADD POW Bx <C_0> POW By <C_0> POW Bz <C_0>,"{'<C_0>': 2.0}"
III.12.43,"['n','h']","[(1.0,5.0),(1.0,5.0)]",n MUL ( h DIV ( 2 MUL pi ) ),MUL n DIV h MUL 2 pi,OP_MUL VAR OP_DIV VAR OP_MUL NUM CONST,MUL n DIV h MUL <C_0> pi,"{'<C_0>': 2.0}"
III.13.18,"['E_n','d','k','h']","[(1.0,5.0),(1.0,5.0),(1.0,5.0),(1.0,5.0)]",2 MUL E_n MUL d POW 2 MUL k DIV ( h DIV ( 2 MUL pi ) ),DIV MUL MUL MUL 2 E_n POW d 2 k DIV h MUL 2 pi,OP_DIV OP_MUL OP_MUL OP_MUL NUM VAR OP_POW VAR NUM VAR OP_DIV VAR OP_MUL NUM CONST,DIV MUL MUL MUL <C_0> E_n POW d <C_0> k DIV h MUL <C_0> pi,"{'<C_0>': 2.0}"
III.14.14,"['I_0','q','Volt','kb','T']","[(1.0,5.0),(1.0,2.0),(1.0,2.0),(1.0,2.0),(1.0,2.0)]",I_0 MUL ( exp ( q MUL Volt DIV ( kb MUL T ) ) SUB 1 ),MUL I_0 SUB exp DIV MUL q Volt MUL kb T 1,OP_MUL VAR OP_SUB FUNC OP_DIV OP_MUL VAR VAR OP_MUL VAR VAR NUM,MUL I_0 SUB exp DIV MUL q Volt MUL kb T <C_0>,"{'<C_0>': 1.0}"
III.15.12,"['U','k','d']","[(1.0,5.0),(1.0,5.0),(1.0,5.0)]",2 MUL U MUL ( 1 SUB cos ( k MUL d ) ),MUL MUL 2 U SUB 1 cos MUL k d,OP_MUL OP_MUL NUM VAR OP_SUB NUM FUNC OP_MUL VAR VAR,MUL MUL <C_0> U SUB <C_1> cos MUL k d,"{'<C_0>': 2.0,'<C_1>': 1.0}"
III.15.14,"['h','E_n','d']","[(1.0,5.0),(1.0,5.0),(1.0,5.0)]",( h DIV ( 2 MUL pi ) ) POW 2 DIV ( 2 MUL E_n MUL d POW 2 ),DIV POW DIV h MUL 2 pi 2 MUL MUL 2 E_n POW d 2,OP_DIV OP_POW OP_DIV VAR OP_MUL NUM CONST NUM OP_MUL OP_MUL NUM VAR OP_POW VAR NUM,DIV POW DIV h MUL <C_0> pi <C_0> MUL MUL <C_0> E_n POW d <C_0>,"{'<C_0>': 2.0}"
III.15.27,"['alpha','n','d']","[(1.0,5.0),(1.0,5.0),(1.0,5.0)]",2 MUL pi MUL alpha DIV ( n MUL d ),DIV MUL MUL 2 pi alpha MUL n d,OP_DIV OP_MUL OP_MUL NUM CONST VAR OP_MUL VAR VAR,DIV MUL MUL <C_0> pi alpha MUL n d,"{'<C_0>': 2.0}"
III.17.37,"['beta','alpha','theta']","[(1.0,5.0),(1.0,5.0),(1.0,5.0)]",beta MUL ( 1 ADD alpha MUL cos ( theta ) ),MUL beta ADD 1 MUL alpha cos theta,OP_MUL VAR OP_ADD NUM OP_MUL VAR FUNC VAR,MUL beta ADD <C_0> MUL alpha cos theta,"{'<C_0>': 1.0}"
III.19.51,"['m','q','h','n','epsilon']","[(1.0,5.0),(1.0,5.0),(1.0,5.0),(1.0,5.0),(1.0,5.0)]",SUB m MUL q POW 4 DIV ( 2 MUL ( 4 MUL pi MUL epsilon ) POW 2 MUL ( h DIV ( 2 MUL pi ) ) POW 2 ) MUL ( 1 DIV n POW 2 ),MUL DIV MUL NEG m POW q 4 MUL MUL 2 POW MUL MUL 4 pi epsilon 2 POW DIV h MUL 2 pi 2 DIV 1 POW n 2,OP_MUL OP_DIV OP_MUL OP_NEG VAR OP_POW VAR NUM OP_MUL OP_MUL NUM OP_POW OP_MUL OP_MUL NUM CONST VAR NUM OP_POW OP_DIV VAR OP_MUL NUM CONST NUM OP_DIV NUM OP_POW VAR NUM,MUL DIV MUL NEG m POW q <C_0> MUL MUL <C_1> POW MUL MUL <C_0> pi epsilon <C_1> POW DIV h MUL <C_1> pi <C_1> DIV <C_2> POW n <C_1>,"{'<C_0>': 4.0,'<C_1>': 2.0,'<C_2>': 1.0}"
III.21.20,"['rho_c_0','q','A_vec','m']","[(1.0,5.0),(1.0,5.0),(1.0,5.0),(1.0,5.0)]",SUB rho_c_0 MUL q MUL A_vec DIV m,DIV MUL MUL NEG rho_c_0 q A_vec m,OP_DIV OP_MUL OP_MUL OP_NEG VAR VAR VAR VAR,DIV MUL MUL NEG rho_c_0 q A_vec m,"{}"
